,date,open,high,low,close,volume
0,2023-05-11 14:30:00+00:00,25.110000610351562,25.192699432373047,25.110000610351562,25.192699432373047,0
1,2023-05-12 16:30:00+00:00,25.170000076293945,25.259899139404297,25.170000076293945,25.259899139404297,9999
2,2023-05-15 13:30:00+00:00,25.329999923706055,25.329999923706055,25.270000457763672,25.329999923706055,81
3,2023-05-16 13:30:00+00:00,25.09000015258789,25.09000015258789,25.09000015258789,25.09000015258789,0
4,2023-05-16 15:30:00+00:00,25.016799926757812,25.1200008392334,25.016799926757812,25.016799926757812,0
5,2023-05-17 13:30:00+00:00,25.121299743652344,25.121299743652344,24.93000030517578,25.121299743652344,8015
6,2023-05-18 13:30:00+00:00,25.010000228881836,25.131799697875977,25.010000228881836,25.131799697875977,0
7,2023-05-19 13:30:00+00:00,25.18000030517578,25.18000030517578,25.18000030517578,25.18000030517578,8043
8,2023-05-19 16:30:00+00:00,25.155000686645508,25.155000686645508,25.155000686645508,25.155000686645508,100
9,2023-05-19 18:30:00+00:00,25.170000076293945,25.190000534057617,25.167699813842773,25.167699813842773,0
10,2023-05-22 14:30:00+00:00,25.25,25.25,25.25,25.25,8017
11,2023-05-22 16:30:00+00:00,25.290000915527344,25.290000915527344,25.224000930786133,25.224000930786133,0
12,2023-05-23 13:30:00+00:00,24.679000854492188,24.68000030517578,24.679000854492188,24.68000030517578,252
13,2023-05-23 14:30:00+00:00,24.322900772094727,24.600000381469727,24.322900772094727,24.322900772094727,0
14,2023-05-24 13:30:00+00:00,23.969999313354492,23.969999313354492,23.969999313354492,23.969999313354492,8107
15,2023-05-24 14:30:00+00:00,23.961999893188477,24.039199829101562,23.961999893188477,24.039199829101562,0
16,2023-05-25 13:30:00+00:00,24.059999465942383,25.030000686645508,24.059999465942383,24.190000534057617,68764
17,2023-05-25 15:30:00+00:00,24.15999984741211,24.15999984741211,24.15999984741211,24.15999984741211,400
18,2023-05-25 16:30:00+00:00,24.149999618530273,24.202800750732422,24.149999618530273,24.202800750732422,0
19,2023-05-26 13:30:00+00:00,24.43000030517578,24.478900909423828,24.43000030517578,24.478900909423828,8015
20,2023-05-30 13:30:00+00:00,24.559999465942383,24.559999465942383,24.2007999420166,24.2007999420166,0
21,2023-05-31 13:30:00+00:00,23.68000030517578,23.68000030517578,23.68000030517578,23.68000030517578,6079
22,2023-05-31 18:30:00+00:00,23.719999313354492,23.759700775146484,23.700000762939453,23.759700775146484,0
23,2023-06-01 15:30:00+00:00,23.809999465942383,23.809999465942383,23.809999465942383,23.809999465942383,6027
24,2023-06-01 18:30:00+00:00,23.84600067138672,23.889999389648438,23.84600067138672,23.84600067138672,462
25,2023-06-02 14:30:00+00:00,24.290000915527344,24.33169937133789,24.290000915527344,24.33169937133789,6660
26,2023-06-05 14:30:00+00:00,24.100000381469727,24.104000091552734,24.051599502563477,24.051599502563477,6109
27,2023-06-06 15:30:00+00:00,24.229700088500977,24.229700088500977,24.229700088500977,24.229700088500977,277
28,2023-06-08 15:30:00+00:00,24.25,24.25,24.25,24.25,412
29,2023-06-08 19:30:00+00:00,24.276899337768555,24.276899337768555,24.274999618530273,24.276899337768555,298
30,2023-06-09 15:30:00+00:00,24.260000228881836,24.260000228881836,24.216400146484375,24.216400146484375,6017
31,2023-06-12 14:30:00+00:00,24.549999237060547,24.549999237060547,24.530000686645508,24.530000686645508,303
32,2023-06-12 15:30:00+00:00,24.522499084472656,24.601299285888672,24.522499084472656,24.601299285888672,0
33,2023-06-13 13:30:00+00:00,24.700000762939453,24.700000762939453,24.700000762939453,24.700000762939453,257
34,2023-06-13 17:30:00+00:00,24.84000015258789,24.878400802612305,24.84000015258789,24.878400802612305,10163
35,2023-06-14 13:30:00+00:00,24.780000686645508,24.780000686645508,24.010000228881836,24.010000228881836,880
36,2023-06-14 16:30:00+00:00,25.139999389648438,25.139999389648438,25.1200008392334,25.1200008392334,7288
37,2023-06-14 17:30:00+00:00,24.989999771118164,24.989999771118164,24.989999771118164,24.989999771118164,321
38,2023-06-14 18:30:00+00:00,25.01959991455078,25.01959991455078,25.01959991455078,25.01959991455078,0
39,2023-06-15 13:30:00+00:00,24.979999542236328,24.979999542236328,24.979999542236328,24.979999542236328,637
40,2023-06-15 14:30:00+00:00,25.075000762939453,25.075000762939453,25.075000762939453,25.075000762939453,990
41,2023-06-15 15:30:00+00:00,25.154499053955078,25.154499053955078,25.100000381469727,25.154499053955078,304
42,2023-06-16 13:30:00+00:00,25.479999542236328,25.479999542236328,25.479999542236328,25.479999542236328,6869
43,2023-06-16 18:30:00+00:00,25.40999984741211,25.40999984741211,25.355600357055664,25.355600357055664,200
44,2023-06-20 15:30:00+00:00,24.950000762939453,24.950000762939453,24.950000762939453,24.950000762939453,0
45,2023-06-20 17:30:00+00:00,24.989999771118164,24.989999771118164,24.989999771118164,24.989999771118164,201
46,2023-06-20 18:30:00+00:00,24.954999923706055,24.954999923706055,24.954999923706055,24.954999923706055,796
47,2023-06-20 19:30:00+00:00,25.459999084472656,25.459999084472656,24.952999114990234,24.952999114990234,100
48,2023-06-21 13:30:00+00:00,24.739999771118164,24.739999771118164,24.739999771118164,24.739999771118164,0
49,2023-06-21 18:30:00+00:00,24.864999771118164,25.360000610351562,24.864999771118164,24.8700008392334,6771
50,2023-06-21 19:30:00+00:00,24.850000381469727,24.850000381469727,24.81060028076172,24.810699462890625,0
51,2023-06-22 13:30:00+00:00,24.854999542236328,24.854999542236328,24.854999542236328,24.854999542236328,272
52,2023-06-22 14:30:00+00:00,25.190000534057617,25.190000534057617,24.790000915527344,24.790000915527344,354
53,2023-06-22 16:30:00+00:00,25.1200008392334,25.219999313354492,24.799999237060547,24.799999237060547,600
54,2023-06-22 17:30:00+00:00,25.1200008392334,25.1200008392334,24.7549991607666,24.7549991607666,1100
55,2023-06-22 18:30:00+00:00,25.1200008392334,25.1200008392334,25.1200008392334,25.1200008392334,249
56,2023-06-22 19:30:00+00:00,24.760000228881836,24.762100219726562,24.760000228881836,24.762100219726562,0
57,2023-06-23 13:30:00+00:00,24.43000030517578,24.43000030517578,24.43000030517578,24.43000030517578,319
58,2023-06-23 19:30:00+00:00,24.010000228881836,24.010000228881836,24.010000228881836,24.010000228881836,100
59,2023-06-26 18:30:00+00:00,24.649999618530273,24.649999618530273,24.649999618530273,24.649999618530273,0
60,2023-06-26 19:30:00+00:00,24.6200008392334,24.64419937133789,24.600000381469727,24.64419937133789,0
61,2023-06-27 13:30:00+00:00,24.6299991607666,24.6299991607666,24.6299991607666,24.6299991607666,183
62,2023-06-27 14:30:00+00:00,24.56999969482422,24.838699340820312,24.56999969482422,24.838699340820312,0
63,2023-06-28 19:30:00+00:00,24.861400604248047,24.899999618530273,24.861400604248047,24.861400604248047,199
64,2023-06-29 13:30:00+00:00,24.958999633789062,24.958999633789062,24.958999633789062,24.958999633789062,638
65,2023-06-29 14:30:00+00:00,25.0,25.36720085144043,24.92099952697754,24.92099952697754,0
66,2023-07-05 14:30:00+00:00,24.989999771118164,24.989999771118164,24.989999771118164,24.989999771118164,313
67,2023-07-05 16:30:00+00:00,24.979900360107422,24.979900360107422,24.979900360107422,24.979900360107422,112
68,2023-07-05 17:30:00+00:00,24.899999618530273,24.899999618530273,24.899999618530273,24.899999618530273,200
69,2023-07-05 18:30:00+00:00,24.850000381469727,24.920000076293945,24.850000381469727,24.920000076293945,0
70,2023-07-06 13:30:00+00:00,24.540000915527344,24.54800033569336,24.540000915527344,24.54800033569336,1118
71,2023-07-06 17:30:00+00:00,24.441999435424805,24.450000762939453,24.399999618530273,24.42959976196289,0
72,2023-07-07 13:30:00+00:00,24.479999542236328,24.63010025024414,24.479999542236328,24.63010025024414,135
73,2023-07-11 19:30:00+00:00,25.250600814819336,25.250600814819336,25.246400833129883,25.246400833129883,579
74,2023-07-12 13:30:00+00:00,25.610000610351562,25.610000610351562,25.610000610351562,25.610000610351562,300
75,2023-07-12 14:30:00+00:00,25.632600784301758,25.639999389648438,25.632400512695312,25.639999389648438,0
76,2023-07-12 15:30:00+00:00,25.699899673461914,25.699899673461914,25.699899673461914,25.699899673461914,1003
77,2023-07-12 16:30:00+00:00,26.006999969482422,26.006999969482422,25.665000915527344,25.665000915527344,100
78,2023-07-14 13:30:00+00:00,26.059999465942383,26.059999465942383,26.059999465942383,26.059999465942383,1109
79,2023-07-14 16:30:00+00:00,25.979999542236328,25.989999771118164,25.979999542236328,25.989999771118164,214
80,2023-07-14 19:30:00+00:00,26.030000686645508,26.030000686645508,25.953399658203125,25.953399658203125,300
81,2023-07-17 13:30:00+00:00,25.459999084472656,25.459999084472656,25.459999084472656,25.459999084472656,0
82,2023-07-17 14:30:00+00:00,25.31999969482422,25.389999389648438,25.31999969482422,25.389999389648438,1149
83,2023-07-17 17:30:00+00:00,25.438800811767578,25.438800811767578,25.438800811767578,25.438800811767578,2010
84,2023-07-17 18:30:00+00:00,25.530000686645508,25.540000915527344,25.530000686645508,25.530000686645508,2200
85,2023-07-17 19:30:00+00:00,25.530000686645508,25.530000686645508,25.455699920654297,25.530000686645508,292
86,2023-07-18 13:30:00+00:00,25.399999618530273,25.399999618530273,25.399999618530273,25.399999618530273,454
87,2023-07-18 14:30:00+00:00,25.360000610351562,25.36009979248047,25.360000610351562,25.360000610351562,600
88,2023-07-18 15:30:00+00:00,25.420000076293945,25.420000076293945,25.329999923706055,25.329999923706055,801
89,2023-07-18 18:30:00+00:00,25.350000381469727,25.450599670410156,25.350000381469727,25.450599670410156,0
90,2023-07-19 15:30:00+00:00,25.200000762939453,25.200000762939453,25.200000762939453,25.200000762939453,240
91,2023-07-24 13:30:00+00:00,24.989999771118164,25.020299911499023,24.93000030517578,25.020299911499023,810
92,2023-07-24 15:30:00+00:00,25.1299991607666,25.1299991607666,25.063100814819336,25.063100814819336,0
93,2023-07-25 14:30:00+00:00,25.139999389648438,25.139999389648438,25.139999389648438,25.139999389648438,254
94,2023-07-25 17:30:00+00:00,24.984699249267578,24.984699249267578,24.984699249267578,24.984699249267578,113
95,2023-07-25 18:30:00+00:00,24.889999389648438,24.889999389648438,24.889999389648438,24.889999389648438,200
96,2023-07-25 19:30:00+00:00,24.957300186157227,24.957300186157227,24.957300186157227,24.957300186157227,0
97,2023-07-26 15:30:00+00:00,24.75,24.75,24.75,24.75,312
98,2023-07-26 17:30:00+00:00,24.933399200439453,24.933399200439453,24.933399200439453,24.933399200439453,102
99,2023-07-26 18:30:00+00:00,24.945899963378906,24.945899963378906,24.945899963378906,24.945899963378906,0
100,2023-07-27 14:30:00+00:00,25.239999771118164,25.289899826049805,25.149999618530273,25.289899826049805,483
101,2023-07-27 15:30:00+00:00,25.254499435424805,25.260000228881836,25.254499435424805,25.260000228881836,411
102,2023-07-27 16:30:00+00:00,25.274999618530273,25.350000381469727,25.04680061340332,25.04680061340332,0
103,2023-07-28 15:30:00+00:00,25.520000457763672,25.520000457763672,25.469999313354492,25.469999313354492,576
104,2023-07-28 16:30:00+00:00,25.489999771118164,25.489999771118164,25.489999771118164,25.489999771118164,111
105,2023-07-28 17:30:00+00:00,25.469900131225586,25.469900131225586,25.469900131225586,25.469900131225586,0
106,2023-07-28 18:30:00+00:00,25.498699188232422,25.498699188232422,25.3700008392334,25.434999465942383,2038
107,2023-07-31 15:30:00+00:00,25.47279930114746,25.490100860595703,25.47279930114746,25.47279930114746,0
108,2023-08-01 14:30:00+00:00,25.193500518798828,25.22480010986328,25.193500518798828,25.22480010986328,339
109,2023-08-01 17:30:00+00:00,25.15999984741211,25.15999984741211,25.139999389648438,25.139999389648438,16926
110,2023-08-01 18:30:00+00:00,25.139999389648438,25.184600830078125,25.079999923706055,25.145999908447266,0
111,2023-08-02 13:30:00+00:00,24.989999771118164,24.989999771118164,24.989999771118164,24.989999771118164,130
112,2023-08-02 14:30:00+00:00,24.854999542236328,24.854999542236328,24.854999542236328,24.854999542236328,359
113,2023-08-02 18:30:00+00:00,24.889999389648438,24.889999389648438,24.828899383544922,24.828899383544922,0
114,2023-08-03 14:30:00+00:00,24.707500457763672,24.707500457763672,24.707500457763672,24.707500457763672,512
115,2023-08-03 15:30:00+00:00,24.77869987487793,24.77869987487793,24.770000457763672,24.770000457763672,414
116,2023-08-03 16:30:00+00:00,24.81209945678711,24.81209945678711,24.764999389648438,24.764999389648438,327
117,2023-08-03 18:30:00+00:00,24.700000762939453,24.728099822998047,24.700000762939453,24.728099822998047,0
118,2023-08-04 16:30:00+00:00,24.9950008392334,24.9950008392334,24.9950008392334,24.9950008392334,100
119,2023-08-04 17:30:00+00:00,25.039899826049805,25.039899826049805,24.730899810791016,24.730899810791016,131
120,2023-08-07 13:30:00+00:00,24.780000686645508,24.84000015258789,24.780000686645508,24.780000686645508,606
121,2023-08-07 15:30:00+00:00,24.829999923706055,24.829999923706055,24.829999923706055,24.829999923706055,8041
122,2023-08-07 17:30:00+00:00,24.819299697875977,24.819299697875977,24.819299697875977,24.819299697875977,0
123,2023-08-08 14:30:00+00:00,24.3700008392334,24.3700008392334,24.3700008392334,24.3700008392334,862
124,2023-08-08 15:30:00+00:00,24.489999771118164,24.489999771118164,24.489999771118164,24.489999771118164,200
125,2023-08-08 17:30:00+00:00,24.621200561523438,24.626800537109375,24.621200561523438,24.626800537109375,0
126,2023-08-10 17:30:00+00:00,25.030000686645508,25.030000686645508,24.9601993560791,24.9601993560791,315
127,2023-08-11 17:30:00+00:00,24.649999618530273,24.649999618530273,24.649999618530273,24.649999618530273,200
128,2023-08-14 13:30:00+00:00,24.559999465942383,24.559999465942383,24.559999465942383,24.559999465942383,0
129,2023-08-14 18:30:00+00:00,24.717599868774414,24.717599868774414,24.717599868774414,24.717599868774414,780
130,2023-08-14 19:30:00+00:00,24.680200576782227,24.680200576782227,24.680200576782227,24.680200576782227,0
131,2023-08-15 13:30:00+00:00,24.42460060119629,24.42460060119629,24.42460060119629,24.42460060119629,100
132,2023-08-15 14:30:00+00:00,24.329999923706055,24.329999923706055,24.329999923706055,24.329999923706055,211
133,2023-08-15 18:30:00+00:00,24.293500900268555,24.293500900268555,24.293500900268555,24.293500900268555,0
134,2023-08-16 13:30:00+00:00,24.34000015258789,24.34000015258789,24.34000015258789,24.34000015258789,946
135,2023-08-16 15:30:00+00:00,24.34000015258789,24.34000015258789,24.34000015258789,24.34000015258789,208
136,2023-08-16 16:30:00+00:00,24.299999237060547,24.299999237060547,24.299999237060547,24.299999237060547,4219
137,2023-08-16 19:30:00+00:00,24.255399703979492,24.255399703979492,24.255399703979492,24.255399703979492,0
138,2023-08-17 17:30:00+00:00,23.95359992980957,23.95359992980957,23.66659927368164,23.66659927368164,241
139,2023-08-21 13:30:00+00:00,23.75,23.75,23.700000762939453,23.700000762939453,452
140,2023-08-21 15:30:00+00:00,23.738500595092773,23.789899826049805,23.719999313354492,23.789899826049805,4384
141,2023-08-21 16:30:00+00:00,23.779300689697266,23.779300689697266,23.779300689697266,23.779300689697266,224
142,2023-08-21 17:30:00+00:00,23.776100158691406,23.776100158691406,23.66699981689453,23.66699981689453,0
143,2023-08-23 13:30:00+00:00,23.75,23.780000686645508,23.75,23.75,541
144,2023-08-23 15:30:00+00:00,23.700000762939453,23.700000762939453,23.700000762939453,23.700000762939453,343
145,2023-08-23 16:30:00+00:00,23.805099487304688,23.805099487304688,23.770000457763672,23.805099487304688,153
146,2023-08-24 13:30:00+00:00,23.809900283813477,23.809900283813477,23.739999771118164,23.739999771118164,0
147,2023-08-24 14:30:00+00:00,23.57349967956543,23.57349967956543,23.57349967956543,23.57349967956543,0
148,2023-08-25 13:30:00+00:00,23.6200008392334,23.6200008392334,23.6200008392334,23.6200008392334,226
149,2023-08-25 14:30:00+00:00,23.530000686645508,23.540000915527344,23.510000228881836,23.510000228881836,485
150,2023-08-25 16:30:00+00:00,23.6200008392334,23.6200008392334,23.6200008392334,23.6200008392334,218
151,2023-08-25 17:30:00+00:00,23.700000762939453,23.700000762939453,23.700000762939453,23.700000762939453,150
152,2023-08-25 18:30:00+00:00,23.69499969482422,23.75,23.68000030517578,23.709999084472656,1666
153,2023-08-28 13:30:00+00:00,24.170000076293945,24.170000076293945,23.864999771118164,24.170000076293945,0
154,2023-08-30 13:30:00+00:00,24.1200008392334,24.120100021362305,24.1200008392334,24.120100021362305,2394
155,2023-08-30 15:30:00+00:00,24.208200454711914,24.208200454711914,24.180700302124023,24.180700302124023,0
156,2023-08-31 14:30:00+00:00,23.889999389648438,23.889999389648438,23.889999389648438,23.889999389648438,136
157,2023-08-31 16:30:00+00:00,23.864900588989258,23.864900588989258,23.864900588989258,23.864900588989258,1171
158,2023-08-31 18:30:00+00:00,23.829999923706055,23.85140037536621,23.829999923706055,23.85140037536621,0
159,2023-09-01 13:30:00+00:00,23.790000915527344,23.790000915527344,23.790000915527344,23.790000915527344,1015
160,2023-09-01 14:30:00+00:00,23.68000030517578,23.68000030517578,23.668100357055664,23.668100357055664,354
161,2023-09-05 19:30:00+00:00,23.479999542236328,23.479999542236328,23.440000534057617,23.440000534057617,0
162,2023-09-06 13:30:00+00:00,23.060100555419922,23.09000015258789,23.060100555419922,23.09000015258789,657
163,2023-09-06 15:30:00+00:00,23.100000381469727,23.100000381469727,23.065000534057617,23.065000534057617,0
164,2023-09-07 13:30:00+00:00,22.829999923706055,22.829999923706055,22.809999465942383,22.809999465942383,2035
165,2023-09-07 14:30:00+00:00,22.874500274658203,22.920000076293945,22.874500274658203,22.899999618530273,897
166,2023-09-07 18:30:00+00:00,22.829999923706055,22.959999084472656,22.709999084472656,22.709999084472656,56558
167,2023-09-07 19:30:00+00:00,22.770000457763672,22.790000915527344,22.770000457763672,22.790000915527344,0
168,2023-09-11 13:30:00+00:00,23.18000030517578,23.18000030517578,23.16510009765625,23.16510009765625,0
169,2023-09-13 18:30:00+00:00,22.719999313354492,22.795900344848633,22.719999313354492,22.795900344848633,84
170,2023-09-18 19:30:00+00:00,22.8700008392334,22.8700008392334,22.743499755859375,22.743499755859375,0
171,2023-09-22 19:30:00+00:00,22.329999923706055,22.329999923706055,22.329999923706055,22.329999923706055,0
172,2023-09-25 13:30:00+00:00,22.020000457763672,22.042200088500977,22.020000457763672,22.042200088500977,704
173,2023-09-26 13:30:00+00:00,21.850000381469727,21.850000381469727,21.7539005279541,21.7539005279541,0
174,2023-09-27 14:30:00+00:00,21.700000762939453,21.910200119018555,21.664499282836914,21.910200119018555,25
175,2023-09-29 18:30:00+00:00,22.01889991760254,22.01889991760254,22.01889991760254,22.01889991760254,319
176,2023-10-06 13:30:00+00:00,21.850000381469727,21.850000381469727,21.850000381469727,21.850000381469727,277
177,2023-10-09 13:30:00+00:00,21.75,22.097700119018555,21.75,22.097700119018555,0
178,2023-10-11 13:30:00+00:00,22.06999969482422,22.06999969482422,22.06999969482422,22.06999969482422,381
179,2023-10-11 19:30:00+00:00,22.079999923706055,22.079999923706055,22.072999954223633,22.072999954223633,100
180,2023-10-12 13:30:00+00:00,21.969999313354492,21.969999313354492,21.969999313354492,21.969999313354492,0
181,2023-10-12 17:30:00+00:00,21.65999984741211,21.76689910888672,21.516000747680664,21.639999389648438,635
182,2023-10-17 14:30:00+00:00,21.73509979248047,21.73509979248047,21.723600387573242,21.723600387573242,0
183,2023-10-23 14:30:00+00:00,21.649999618530273,21.649999618530273,21.649999618530273,21.649999618530273,205
184,2023-10-23 15:30:00+00:00,21.690000534057617,21.906099319458008,21.650699615478516,21.906099319458008,0
185,2023-10-25 13:30:00+00:00,21.739999771118164,21.739999771118164,21.69099998474121,21.69099998474121,0
186,2023-10-27 13:30:00+00:00,21.329999923706055,21.329999923706055,21.181100845336914,21.181100845336914,293
187,2023-11-01 16:30:00+00:00,21.459999084472656,21.459999084472656,21.459999084472656,21.459999084472656,0
188,2023-11-01 19:30:00+00:00,21.600000381469727,22.08180046081543,21.596900939941406,22.08180046081543,0
189,2023-11-07 14:30:00+00:00,22.184999465942383,22.2460994720459,22.184999465942383,22.2460994720459,32
190,2023-11-08 16:30:00+00:00,22.38089942932129,22.38089942932129,22.38089942932129,22.38089942932129,300
191,2023-11-08 19:30:00+00:00,22.44499969482422,22.499099731445312,22.44499969482422,22.46489906311035,0
192,2023-11-09 18:30:00+00:00,22.415000915527344,22.415000915527344,22.415000915527344,22.415000915527344,77
193,2023-11-10 19:30:00+00:00,22.190099716186523,22.243499755859375,22.190099716186523,22.243499755859375,280
194,2023-11-13 15:30:00+00:00,22.091899871826172,22.234899520874023,22.091899871826172,22.234899520874023,0
195,2023-11-14 16:30:00+00:00,22.8799991607666,22.8799991607666,22.8700008392334,22.8700008392334,303
196,2023-11-14 18:30:00+00:00,22.8799991607666,22.8799991607666,22.8799991607666,22.8799991607666,201
197,2023-11-14 19:30:00+00:00,22.889999389648438,22.889999389648438,22.889999389648438,22.889999389648438,213
198,2023-11-14 20:30:00+00:00,22.860000610351562,22.895599365234375,22.860000610351562,22.895599365234375,0
199,2023-11-15 15:30:00+00:00,23.0,23.0,22.73819923400879,22.73819923400879,100
200,2023-11-17 14:30:00+00:00,22.850000381469727,22.850000381469727,22.850000381469727,22.850000381469727,599
201,2023-11-17 17:30:00+00:00,22.998199462890625,22.998199462890625,22.971799850463867,22.971799850463867,115
202,2023-11-20 14:30:00+00:00,23.030000686645508,23.115800857543945,23.028600692749023,23.028600692749023,13
203,2023-11-22 16:30:00+00:00,23.159900665283203,23.159900665283203,23.141599655151367,23.141599655151367,312
204,2023-11-28 16:30:00+00:00,22.799999237060547,22.799999237060547,22.799999237060547,22.799999237060547,208
205,2023-11-28 18:30:00+00:00,22.79990005493164,22.79990005493164,22.79990005493164,22.79990005493164,200
206,2023-11-28 19:30:00+00:00,22.795000076293945,22.860000610351562,22.795000076293945,22.860000610351562,0
207,2023-11-29 14:30:00+00:00,22.81410026550293,22.81410026550293,22.81410026550293,22.81410026550293,0
208,2023-11-30 18:30:00+00:00,22.8700008392334,22.8700008392334,22.8700008392334,22.8700008392334,407
209,2023-11-30 20:30:00+00:00,22.770000457763672,22.96380043029785,22.770000457763672,22.96380043029785,0
210,2023-12-11 17:30:00+00:00,23.25,23.25,23.25,23.25,698
211,2023-12-11 19:30:00+00:00,23.329999923706055,23.405000686645508,23.329999923706055,23.405000686645508,0
212,2023-12-12 14:30:00+00:00,23.488000869750977,23.488000869750977,23.460899353027344,23.460899353027344,4
213,2023-12-13 14:30:00+00:00,23.329999923706055,23.329999923706055,23.329999923706055,23.329999923706055,320
214,2023-12-13 17:30:00+00:00,23.20009994506836,23.20009994506836,23.20009994506836,23.20009994506836,1095
215,2023-12-13 18:30:00+00:00,23.200000762939453,23.51609992980957,23.200000762939453,23.51609992980957,2516
216,2023-12-14 14:30:00+00:00,23.729999542236328,23.858400344848633,23.729999542236328,23.799999237060547,0
217,2023-12-14 18:30:00+00:00,23.809999465942383,23.809999465942383,23.809999465942383,23.809999465942383,102
218,2023-12-14 20:30:00+00:00,23.885900497436523,23.885900497436523,23.704599380493164,23.704599380493164,0
219,2023-12-18 14:30:00+00:00,23.56999969482422,23.56999969482422,23.56999969482422,23.56999969482422,223
220,2023-12-18 18:30:00+00:00,23.669700622558594,23.669700622558594,23.640300750732422,23.640300750732422,3203
221,2023-12-19 14:30:00+00:00,23.639999389648438,23.834999084472656,23.639999389648438,23.834999084472656,0
222,2023-12-20 14:30:00+00:00,23.799999237060547,23.799999237060547,23.799999237060547,23.799999237060547,261
223,2023-12-20 15:30:00+00:00,23.833200454711914,23.833200454711914,23.833200454711914,23.833200454711914,184
224,2023-12-20 19:30:00+00:00,23.600000381469727,23.600000381469727,23.513700485229492,23.513700485229492,203
225,2023-12-21 14:30:00+00:00,23.65999984741211,23.700000762939453,23.65999984741211,23.700000762939453,0
226,2023-12-21 16:30:00+00:00,23.799999237060547,23.799999237060547,23.799999237060547,23.799999237060547,0
227,2023-12-22 19:30:00+00:00,23.59000015258789,23.737499237060547,23.58989906311035,23.737499237060547,427
228,2023-12-28 18:30:00+00:00,23.770099639892578,23.833599090576172,23.770000457763672,23.833599090576172,0
229,2024-01-02 14:30:00+00:00,23.399999618530273,23.43670082092285,23.389999389648438,23.43670082092285,0
230,2024-01-03 14:30:00+00:00,22.969999313354492,22.969999313354492,22.969999313354492,22.969999313354492,160
231,2024-01-03 18:30:00+00:00,23.03969955444336,23.03969955444336,22.989999771118164,23.03510093688965,549
232,2024-01-04 14:30:00+00:00,22.979999542236328,23.008800506591797,22.979999542236328,23.008800506591797,0
233,2024-01-05 14:30:00+00:00,22.739999771118164,22.739999771118164,22.739999771118164,22.739999771118164,0
234,2024-01-05 15:30:00+00:00,22.985000610351562,22.985000610351562,22.985000610351562,22.985000610351562,111
235,2024-01-05 18:30:00+00:00,22.889999389648438,22.889999389648438,22.83880043029785,22.83880043029785,101
236,2024-01-08 14:30:00+00:00,22.899999618530273,22.899999618530273,22.899999618530273,22.899999618530273,0
237,2024-01-08 18:30:00+00:00,23.182300567626953,23.182300567626953,22.97610092163086,22.97610092163086,0
238,2024-01-10 15:30:00+00:00,22.969999313354492,22.969999313354492,22.969999313354492,22.969999313354492,152
239,2024-01-10 18:30:00+00:00,23.061199188232422,23.061199188232422,23.05739974975586,23.05739974975586,1010
240,2024-01-11 14:30:00+00:00,23.040000915527344,23.046100616455078,23.040000915527344,23.046100616455078,0
241,2024-01-12 15:30:00+00:00,22.780000686645508,22.780000686645508,22.780000686645508,22.780000686645508,178
242,2024-01-12 20:30:00+00:00,22.8700008392334,22.8700008392334,22.86949920654297,22.86949920654297,1000
243,2024-01-16 14:30:00+00:00,22.43000030517578,22.517000198364258,22.43000030517578,22.517000198364258,1372
244,2024-01-16 15:30:00+00:00,22.510000228881836,22.510000228881836,22.510000228881836,22.510000228881836,504
245,2024-01-16 19:30:00+00:00,22.45989990234375,22.45989990234375,22.43090057373047,22.43090057373047,100
246,2024-01-17 14:30:00+00:00,22.06999969482422,22.06999969482422,22.06999969482422,22.06999969482422,0
247,2024-01-17 15:30:00+00:00,22.209800720214844,22.209800720214844,22.209800720214844,22.209800720214844,103
248,2024-01-17 18:30:00+00:00,22.1299991607666,22.627399444580078,22.1299991607666,22.627399444580078,0
249,2024-01-19 15:30:00+00:00,22.459999084472656,22.674999237060547,22.459999084472656,22.674999237060547,519
250,2024-01-22 14:30:00+00:00,22.50279998779297,22.578899383544922,22.50279998779297,22.578899383544922,0
251,2024-01-24 14:30:00+00:00,22.90999984741211,22.90999984741211,22.90999984741211,22.90999984741211,1400
252,2024-01-24 16:30:00+00:00,22.945100784301758,22.945100784301758,22.945100784301758,22.945100784301758,100
253,2024-01-24 17:30:00+00:00,22.84000015258789,22.84000015258789,22.820899963378906,22.820899963378906,257
254,2024-01-25 14:30:00+00:00,22.860000610351562,22.860000610351562,22.860000610351562,22.860000610351562,0
255,2024-01-25 16:30:00+00:00,22.864999771118164,22.864999771118164,22.864999771118164,22.864999771118164,156
256,2024-01-25 19:30:00+00:00,23.03510093688965,23.03510093688965,23.03510093688965,23.03510093688965,0
257,2024-01-26 14:30:00+00:00,23.700000762939453,23.762800216674805,23.700000762939453,23.762800216674805,348
258,2024-01-29 14:30:00+00:00,23.649999618530273,23.843799591064453,23.649999618530273,23.843799591064453,5670
259,2024-01-30 14:30:00+00:00,23.770000457763672,23.833099365234375,23.770000457763672,23.833099365234375,0
260,2024-01-31 14:30:00+00:00,23.70050048828125,23.8700008392334,23.70050048828125,23.70050048828125,0
261,2024-02-01 14:30:00+00:00,23.829999923706055,23.950000762939453,23.829999923706055,23.950000762939453,237
262,2024-02-01 16:30:00+00:00,23.959999084472656,23.969999313354492,23.959999084472656,23.959999084472656,5505
263,2024-02-01 18:30:00+00:00,24.04010009765625,24.152999877929688,24.04010009765625,24.152999877929688,1001
264,2024-02-02 14:30:00+00:00,24.010000228881836,24.010000228881836,24.010000228881836,24.010000228881836,0
265,2024-02-05 14:30:00+00:00,23.920000076293945,23.950000762939453,23.920000076293945,23.950000762939453,170
266,2024-02-05 16:30:00+00:00,24.020000457763672,24.117000579833984,24.010000228881836,24.117000579833984,5618
267,2024-02-06 14:30:00+00:00,24.049999237060547,24.049999237060547,24.049999237060547,24.049999237060547,0
268,2024-02-06 20:30:00+00:00,24.239999771118164,24.318500518798828,24.239999771118164,24.318500518798828,200
269,2024-02-07 14:30:00+00:00,24.260000228881836,24.260000228881836,24.260000228881836,24.260000228881836,376
270,2024-02-07 16:30:00+00:00,24.280000686645508,24.325000762939453,24.280000686645508,24.325000762939453,1000
271,2024-02-07 17:30:00+00:00,24.260000228881836,24.31999969482422,24.260000228881836,24.31999969482422,701
272,2024-02-07 18:30:00+00:00,24.391700744628906,24.391700744628906,24.300100326538086,24.300100326538086,103
273,2024-02-08 14:30:00+00:00,24.540000915527344,24.540000915527344,24.540000915527344,24.540000915527344,0
274,2024-02-08 16:30:00+00:00,24.649999618530273,24.649999618530273,24.649999618530273,24.649999618530273,299
275,2024-02-08 18:30:00+00:00,24.604999542236328,24.604999542236328,24.542600631713867,24.542600631713867,0
276,2024-02-09 15:30:00+00:00,24.559999465942383,24.74970054626465,24.559999465942383,24.74970054626465,452
277,2024-02-12 14:30:00+00:00,24.760000228881836,24.760000228881836,24.760000228881836,24.760000228881836,0
278,2024-02-12 16:30:00+00:00,24.93000030517578,24.93000030517578,24.897600173950195,24.897600173950195,105
279,2024-02-13 14:30:00+00:00,24.399999618530273,24.532499313354492,24.368600845336914,24.368600845336914,0
280,2024-02-14 14:30:00+00:00,24.450000762939453,24.450000762939453,24.450000762939453,24.450000762939453,259
281,2024-02-14 16:30:00+00:00,24.5,24.62619972229004,24.459999084472656,24.62619972229004,0
282,2024-02-15 14:30:00+00:00,24.790000915527344,24.790000915527344,24.790000915527344,24.790000915527344,228
283,2024-02-15 15:30:00+00:00,24.799999237060547,24.799999237060547,24.799999237060547,24.799999237060547,141
284,2024-02-15 16:30:00+00:00,24.8700008392334,24.8700008392334,24.8700008392334,24.8700008392334,406
285,2024-02-15 18:30:00+00:00,24.8700008392334,24.9862003326416,24.8700008392334,24.9862003326416,0
286,2024-02-16 14:30:00+00:00,24.809999465942383,24.809999465942383,24.809999465942383,24.809999465942383,206
287,2024-02-16 19:30:00+00:00,24.850000381469727,24.995800018310547,24.850000381469727,24.995800018310547,1200
288,2024-02-20 17:30:00+00:00,24.8799991607666,24.96980094909668,24.8799991607666,24.96980094909668,148
289,2024-02-21 17:30:00+00:00,24.989999771118164,24.989999771118164,24.989999771118164,24.989999771118164,103
290,2024-02-21 18:30:00+00:00,24.989999771118164,24.989999771118164,24.989999771118164,24.989999771118164,249
291,2024-02-21 19:30:00+00:00,25.136899948120117,25.136899948120117,24.989999771118164,25.136899948120117,128
292,2024-02-22 14:30:00+00:00,25.299999237060547,25.299999237060547,25.299999237060547,25.299999237060547,212
293,2024-02-22 15:30:00+00:00,25.398000717163086,25.398000717163086,25.398000717163086,25.398000717163086,484
294,2024-02-22 18:30:00+00:00,25.5,25.500099182128906,25.5,25.5,4508
295,2024-02-22 20:30:00+00:00,25.489999771118164,25.489999771118164,25.486600875854492,25.486600875854492,0
296,2024-02-26 14:30:00+00:00,25.549999237060547,25.604999542236328,25.549999237060547,25.604999542236328,774
297,2024-02-26 15:30:00+00:00,25.59000015258789,25.59000015258789,25.59000015258789,25.59000015258789,319
298,2024-02-26 18:30:00+00:00,25.530000686645508,25.530000686645508,25.530000686645508,25.530000686645508,130
299,2024-02-26 20:30:00+00:00,25.579999923706055,25.579999923706055,25.549999237060547,25.549999237060547,0
300,2024-02-27 15:30:00+00:00,25.51099967956543,25.661399841308594,25.51099967956543,25.661399841308594,0
301,2024-02-28 14:30:00+00:00,25.559999465942383,25.560100555419922,25.559999465942383,25.560100555419922,410
302,2024-02-28 16:30:00+00:00,25.670000076293945,25.739999771118164,25.670000076293945,25.67009925842285,751
303,2024-02-28 18:30:00+00:00,25.65999984741211,25.65999984741211,25.655000686645508,25.655000686645508,210
304,2024-02-28 19:30:00+00:00,25.65999984741211,25.661699295043945,25.65999984741211,25.661699295043945,0
305,2024-02-29 16:30:00+00:00,25.559999465942383,25.559999465942383,25.559999465942383,25.559999465942383,222
306,2024-02-29 18:30:00+00:00,25.6200008392334,25.636999130249023,25.5,25.58009910583496,1888
307,2024-02-29 20:30:00+00:00,25.68939971923828,25.68939971923828,25.66990089416504,25.66990089416504,170
308,2024-03-01 14:30:00+00:00,25.68000030517578,25.80940055847168,25.68000030517578,25.80940055847168,0
309,2024-03-04 14:30:00+00:00,25.6299991607666,25.6299991607666,25.56999969482422,25.56999969482422,0
310,2024-03-04 16:30:00+00:00,25.646099090576172,25.646099090576172,25.646099090576172,25.646099090576172,412
311,2024-03-04 18:30:00+00:00,25.68000030517578,25.68000030517578,25.652099609375,25.652099609375,102
312,2024-03-05 14:30:00+00:00,25.450000762939453,25.450000762939453,25.43400001525879,25.43400001525879,0
313,2024-03-06 14:30:00+00:00,25.530000686645508,25.530000686645508,25.530000686645508,25.530000686645508,0
314,2024-03-06 18:30:00+00:00,25.59910011291504,25.59910011291504,25.554899215698242,25.554899215698242,232
315,2024-03-07 14:30:00+00:00,25.579999923706055,25.765499114990234,25.579999923706055,25.741300582885742,0
316,2024-03-11 13:30:00+00:00,25.770000457763672,25.770099639892578,25.760000228881836,25.760099411010742,787
317,2024-03-11 15:30:00+00:00,25.665000915527344,25.665000915527344,25.665000915527344,25.665000915527344,201
318,2024-03-11 16:30:00+00:00,25.674999237060547,25.7549991607666,25.674999237060547,25.7549991607666,1146
319,2024-03-12 13:30:00+00:00,25.829999923706055,25.96500015258789,25.829999923706055,25.96500015258789,0
320,2024-03-12 15:30:00+00:00,26.05500030517578,26.05500030517578,26.05500030517578,26.05500030517578,216
321,2024-03-12 18:30:00+00:00,26.18400001525879,26.18400001525879,26.15130043029785,26.15130043029785,767
322,2024-03-13 13:30:00+00:00,26.209999084472656,26.209999084472656,26.209999084472656,26.209999084472656,2533
323,2024-03-13 18:30:00+00:00,26.299999237060547,26.310400009155273,26.299999237060547,26.310400009155273,0
324,2024-03-14 16:30:00+00:00,26.170000076293945,26.170000076293945,26.139999389648438,26.139999389648438,4030
325,2024-03-14 19:30:00+00:00,26.1200008392334,26.1200008392334,26.114999771118164,26.114999771118164,100
326,2024-03-15 13:30:00+00:00,26.1200008392334,26.1200008392334,26.066099166870117,26.066099166870117,0
327,2024-03-18 13:30:00+00:00,25.93000030517578,25.93000030517578,25.93000030517578,25.93000030517578,0
328,2024-03-18 14:30:00+00:00,25.84630012512207,25.84630012512207,25.84630012512207,25.84630012512207,0
329,2024-03-19 16:30:00+00:00,25.799999237060547,25.799999237060547,25.610000610351562,25.6200008392334,4022
330,2024-03-19 19:30:00+00:00,25.65999984741211,25.65999984741211,25.560699462890625,25.560699462890625,0
331,2024-03-20 13:30:00+00:00,25.659700393676758,25.704999923706055,25.659700393676758,25.704999923706055,576
332,2024-03-20 14:30:00+00:00,25.809900283813477,25.809900283813477,25.809900283813477,25.809900283813477,331
333,2024-03-20 17:30:00+00:00,25.896099090576172,25.896099090576172,25.844999313354492,25.844999313354492,1920
334,2024-03-20 19:30:00+00:00,26.014999389648438,26.08989906311035,26.014999389648438,26.028200149536133,0
335,2024-03-21 19:30:00+00:00,25.850000381469727,25.850000381469727,25.850000381469727,25.850000381469727,100
336,2024-03-22 13:30:00+00:00,25.469999313354492,25.469999313354492,25.469999313354492,25.469999313354492,13
337,2024-03-22 15:30:00+00:00,25.405000686645508,25.418500900268555,25.405000686645508,25.418500900268555,370
338,2024-03-25 13:30:00+00:00,25.440000534057617,25.440000534057617,25.440000534057617,25.440000534057617,0
339,2024-03-25 14:30:00+00:00,25.55900001525879,25.55900001525879,25.47719955444336,25.47719955444336,0
340,2024-03-27 17:30:00+00:00,25.658199310302734,25.763399124145508,25.658199310302734,25.763399124145508,0
341,2024-03-28 13:30:00+00:00,25.649999618530273,25.650100708007812,25.649999618530273,25.650100708007812,205
342,2024-03-28 14:30:00+00:00,25.753000259399414,25.753000259399414,25.68160057067871,25.68160057067871,876
343,2024-04-01 13:30:00+00:00,25.739999771118164,25.739999771118164,25.739999771118164,25.739999771118164,0
344,2024-04-01 15:30:00+00:00,25.71500015258789,25.71500015258789,25.71500015258789,25.71500015258789,124
345,2024-04-01 19:30:00+00:00,25.74839973449707,25.74839973449707,25.74839973449707,25.74839973449707,0
346,2024-04-02 17:30:00+00:00,25.30500030517578,25.32080078125,25.30500030517578,25.32080078125,153
347,2024-04-03 13:30:00+00:00,25.299999237060547,25.40410041809082,25.299999237060547,25.40410041809082,0
348,2024-04-04 14:30:00+00:00,25.56999969482422,25.56999969482422,25.1289005279541,25.1289005279541,10
349,2024-04-05 15:30:00+00:00,25.049999237060547,25.059999465942383,25.049999237060547,25.059999465942383,559
350,2024-04-05 19:30:00+00:00,25.094999313354492,25.094999313354492,25.094999313354492,25.094999313354492,190
351,2024-04-08 18:30:00+00:00,25.200000762939453,25.200000762939453,25.14349937438965,25.14349937438965,0
352,2024-04-11 13:30:00+00:00,24.790000915527344,24.834699630737305,24.790000915527344,24.834699630737305,190
353,2024-04-12 13:30:00+00:00,24.360000610351562,24.360000610351562,24.217300415039062,24.217300415039062,227
354,2024-04-15 13:30:00+00:00,24.469999313354492,24.469999313354492,24.175600051879883,24.175600051879883,0
355,2024-04-17 15:30:00+00:00,24.209999084472656,24.346399307250977,24.209999084472656,24.346399307250977,0
356,2024-04-18 13:30:00+00:00,24.209999084472656,24.209999084472656,24.209999084472656,24.209999084472656,1040
357,2024-04-18 15:30:00+00:00,24.209999084472656,24.209999084472656,24.17449951171875,24.17449951171875,0
358,2024-04-19 13:30:00+00:00,24.030000686645508,24.118900299072266,24.030000686645508,24.118900299072266,123
359,2024-04-24 15:30:00+00:00,24.350000381469727,24.563499450683594,24.350000381469727,24.563499450683594,5
360,2024-04-25 13:30:00+00:00,24.110000610351562,24.110000610351562,24.110000610351562,24.110000610351562,226
361,2024-04-25 15:30:00+00:00,24.25,24.44809913635254,24.25,24.44809913635254,0
362,2024-04-29 13:30:00+00:00,24.3700008392334,24.589599609375,24.15679931640625,24.15679931640625,64
363,2024-05-03 16:30:00+00:00,24.479999542236328,24.6299991607666,24.459999084472656,24.62459945678711,2472
364,2024-05-06 13:30:00+00:00,24.639999389648438,24.639999389648438,24.639999389648438,24.639999389648438,0
365,2024-05-06 19:30:00+00:00,24.84000015258789,24.84000015258789,24.65959930419922,24.65959930419922,0
366,2024-05-07 13:30:00+00:00,24.709999084472656,24.709999084472656,24.709999084472656,24.709999084472656,426
367,2024-05-07 15:30:00+00:00,24.700000762939453,24.700000762939453,24.700000762939453,24.700000762939453,771
368,2024-05-07 17:30:00+00:00,24.700000762939453,24.800500869750977,24.635000228881836,24.695199966430664,0
369,2024-05-10 17:30:00+00:00,24.860000610351562,24.894899368286133,24.860000610351562,24.894899368286133,280
370,2024-05-13 13:30:00+00:00,24.889999389648438,24.889999389648438,24.76889991760254,24.76889991760254,3
371,2024-05-14 13:30:00+00:00,24.8700008392334,25.08489990234375,24.8700008392334,25.08489990234375,398
372,2024-05-15 13:30:00+00:00,25.100000381469727,25.100000381469727,25.079999923706055,25.079999923706055,0
373,2024-05-15 14:30:00+00:00,25.079999923706055,25.079999923706055,25.079999923706055,25.079999923706055,0
374,2024-05-15 15:30:00+00:00,24.850000381469727,24.93910026550293,24.850000381469727,24.87150001525879,17
375,2024-05-21 13:30:00+00:00,24.579999923706055,24.68790054321289,24.579999923706055,24.68790054321289,0
376,2024-05-22 13:30:00+00:00,24.21820068359375,24.21820068359375,24.21820068359375,24.21820068359375,20
377,2024-05-23 13:30:00+00:00,24.219999313354492,24.285600662231445,24.104999542236328,24.285600662231445,141
378,2024-05-28 13:30:00+00:00,24.219999313354492,24.219999313354492,24.219999313354492,24.219999313354492,255
379,2024-05-28 16:30:00+00:00,24.219999313354492,24.219999313354492,24.219999313354492,24.219999313354492,113
380,2024-05-29 14:30:00+00:00,23.799999237060547,23.799999237060547,23.799999237060547,23.799999237060547,0
381,2024-05-29 16:30:00+00:00,23.760000228881836,23.862199783325195,23.760000228881836,23.862199783325195,0
382,2024-05-30 17:30:00+00:00,24.14310073852539,24.14310073852539,24.055599212646484,24.055599212646484,97
383,2024-05-31 13:30:00+00:00,24.09000015258789,24.229900360107422,24.059999465942383,24.229900360107422,341
384,2024-06-03 13:30:00+00:00,24.25,24.25,24.25,24.25,0
385,2024-06-03 16:30:00+00:00,24.100000381469727,24.335399627685547,24.100000381469727,24.335399627685547,0
386,2024-06-06 13:30:00+00:00,24.450000762939453,24.545700073242188,24.326499938964844,24.326499938964844,37
387,2024-06-11 18:30:00+00:00,23.995899200439453,24.069299697875977,23.995899200439453,24.069299697875977,34
388,2024-06-12 14:30:00+00:00,24.243099212646484,24.243099212646484,24.243099212646484,24.243099212646484,139
389,2024-06-12 18:30:00+00:00,24.364999771118164,24.364999771118164,24.064699172973633,24.064699172973633,0
390,2024-06-14 13:30:00+00:00,23.540000915527344,23.56170082092285,23.540000915527344,23.56170082092285,16395
391,2024-06-17 13:30:00+00:00,23.479999542236328,23.479999542236328,23.479999542236328,23.479999542236328,16478
392,2024-06-17 15:30:00+00:00,23.550100326538086,23.550100326538086,23.550100326538086,23.550100326538086,190
393,2024-06-17 16:30:00+00:00,23.668699264526367,23.668699264526367,23.668699264526367,23.668699264526367,401
394,2024-06-17 18:30:00+00:00,23.670000076293945,23.670000076293945,23.670000076293945,23.670000076293945,200
395,2024-06-17 19:30:00+00:00,23.670000076293945,23.68950080871582,23.670000076293945,23.670000076293945,0
396,2024-06-18 13:30:00+00:00,23.65999984741211,23.65999984741211,23.65999984741211,23.65999984741211,16435
397,2024-06-18 17:30:00+00:00,23.610000610351562,23.610000610351562,23.610000610351562,23.610000610351562,128
398,2024-06-18 19:30:00+00:00,23.649999618530273,23.649999618530273,23.634000778198242,23.634000778198242,535
399,2024-06-20 13:30:00+00:00,23.6299991607666,23.808300018310547,23.6299991607666,23.808300018310547,0
400,2024-06-21 13:30:00+00:00,23.5,23.636499404907227,23.5,23.636499404907227,16488
401,2024-07-01 17:30:00+00:00,23.369300842285156,23.39539909362793,23.369300842285156,23.39539909362793,118
402,2024-07-02 13:30:00+00:00,23.280000686645508,23.280000686645508,23.280000686645508,23.280000686645508,371
403,2024-07-02 19:30:00+00:00,23.22640037536621,23.556499481201172,23.22640037536621,23.556499481201172,0
404,2024-07-08 13:30:00+00:00,23.559999465942383,23.559999465942383,23.559999465942383,23.559999465942383,114
405,2024-07-08 19:30:00+00:00,23.34939956665039,23.34939956665039,23.34939956665039,23.34939956665039,0
406,2024-07-09 13:30:00+00:00,23.2450008392334,23.2450008392334,23.2450008392334,23.2450008392334,127
407,2024-07-09 19:30:00+00:00,23.189699172973633,23.189699172973633,23.189699172973633,23.189699172973633,0
408,2024-07-10 14:30:00+00:00,23.450000762939453,23.450000762939453,23.327299118041992,23.327299118041992,0
409,2024-07-11 13:30:00+00:00,23.56999969482422,23.56999969482422,23.56999969482422,23.56999969482422,219
410,2024-07-11 19:30:00+00:00,23.68000030517578,23.68000030517578,23.68000030517578,23.68000030517578,0
411,2024-07-12 15:30:00+00:00,23.889999389648438,23.889999389648438,23.87540054321289,23.87540054321289,0
412,2024-07-16 13:30:00+00:00,23.542200088500977,23.542200088500977,23.542200088500977,23.542200088500977,0
413,2024-07-17 18:30:00+00:00,23.509899139404297,23.509899139404297,23.366100311279297,23.366100311279297,57
414,2024-07-22 13:30:00+00:00,23.200000762939453,23.39069938659668,23.200000762939453,23.39069938659668,4
415,2024-07-23 13:30:00+00:00,23.170000076293945,23.170000076293945,23.170000076293945,23.170000076293945,0
416,2024-07-23 19:30:00+00:00,23.1737003326416,23.1737003326416,23.1737003326416,23.1737003326416,0
417,2024-07-24 13:30:00+00:00,23.030000686645508,23.030000686645508,22.74839973449707,22.74839973449707,23
418,2024-07-25 16:30:00+00:00,22.69499969482422,22.8971004486084,22.630199432373047,22.8971004486084,46
419,2024-07-31 13:30:00+00:00,22.84000015258789,22.979999542236328,22.75749969482422,22.75749969482422,17
420,2024-08-01 13:30:00+00:00,22.299999237060547,22.299999237060547,22.299999237060547,22.299999237060547,350
421,2024-08-01 17:30:00+00:00,22.31999969482422,22.31999969482422,22.25,22.25,602
422,2024-08-01 19:30:00+00:00,22.255300521850586,22.255300521850586,22.255300521850586,22.255300521850586,0
423,2024-08-02 14:30:00+00:00,22.104700088500977,22.104700088500977,22.049999237060547,22.049999237060547,513
424,2024-08-05 13:30:00+00:00,22.0,22.0,22.0,22.0,0
425,2024-08-05 15:30:00+00:00,21.844999313354492,21.900400161743164,21.844999313354492,21.900400161743164,0
426,2024-08-13 13:30:00+00:00,22.213300704956055,22.213300704956055,22.213300704956055,22.213300704956055,14
427,2024-08-14 14:30:00+00:00,22.443599700927734,22.76289939880371,22.443599700927734,22.76289939880371,109
428,2024-08-16 13:30:00+00:00,22.790000915527344,22.790000915527344,22.790000915527344,22.790000915527344,272
429,2024-08-16 18:30:00+00:00,22.88990020751953,22.88990020751953,22.88990020751953,22.88990020751953,100
430,2024-08-16 19:30:00+00:00,22.77039909362793,22.835500717163086,22.77039909362793,22.835500717163086,300
431,2024-08-20 16:30:00+00:00,23.059999465942383,23.497900009155273,23.059999465942383,23.497900009155273,0
432,2024-08-27 14:30:00+00:00,23.55190086364746,23.55190086364746,23.55190086364746,23.55190086364746,225
433,2024-08-27 19:30:00+00:00,23.53219985961914,23.53219985961914,23.53219985961914,23.53219985961914,0
434,2024-08-29 17:30:00+00:00,23.36359977722168,23.431800842285156,23.36359977722168,23.431800842285156,0
435,2024-09-09 14:30:00+00:00,22.046499252319336,22.049999237060547,22.046499252319336,22.046499252319336,0
436,2024-09-12 16:30:00+00:00,22.020200729370117,22.02389907836914,22.020200729370117,22.02389907836914,23
437,2024-09-16 14:30:00+00:00,22.064800262451172,22.064800262451172,22.064800262451172,22.064800262451172,0
438,2024-09-17 14:30:00+00:00,22.190000534057617,22.190000534057617,22.190000534057617,22.190000534057617,507
439,2024-09-17 18:30:00+00:00,22.098800659179688,22.098800659179688,21.994699478149414,22.098800659179688,0
440,2024-09-19 13:30:00+00:00,22.4335994720459,22.4335994720459,22.109500885009766,22.109500885009766,0
441,2024-09-23 15:30:00+00:00,22.200000762939453,22.200000762939453,22.145000457763672,22.145000457763672,55
442,2024-09-24 13:30:00+00:00,22.540000915527344,22.540000915527344,22.540000915527344,22.540000915527344,358
443,2024-09-24 14:30:00+00:00,22.480100631713867,22.635700225830078,22.480100631713867,22.635700225830078,0
444,2024-09-25 13:30:00+00:00,22.54010009765625,22.549999237060547,22.54010009765625,22.549999237060547,827
445,2024-09-25 15:30:00+00:00,22.600000381469727,22.6299991607666,22.600000381469727,22.629899978637695,4011
446,2024-09-25 17:30:00+00:00,22.540000915527344,22.540000915527344,22.459999084472656,22.51259994506836,2015
447,2024-09-26 13:30:00+00:00,23.450000762939453,23.479999542236328,23.450000762939453,23.479999542236328,0
448,2024-09-26 15:30:00+00:00,23.40999984741211,23.459999084472656,23.40999984741211,23.459999084472656,1852
449,2024-09-26 18:30:00+00:00,23.538999557495117,23.581199645996094,23.538999557495117,23.581199645996094,0
450,2024-09-27 13:30:00+00:00,23.90999984741211,23.94540023803711,23.61199951171875,23.94540023803711,2404
451,2024-09-27 17:30:00+00:00,23.829999923706055,23.8799991607666,23.829999923706055,23.8799991607666,312
452,2024-09-27 18:30:00+00:00,23.93600082397461,23.940000534057617,23.899999618530273,23.908599853515625,1001
453,2024-09-30 17:30:00+00:00,23.710899353027344,23.710899353027344,23.710899353027344,23.710899353027344,67
454,2024-10-04 13:30:00+00:00,23.15999984741211,23.239599227905273,23.15999984741211,23.239599227905273,261
455,2024-10-07 13:30:00+00:00,23.290800094604492,23.290800094604492,23.239999771118164,23.239999771118164,463
456,2024-10-07 14:30:00+00:00,23.30030059814453,23.30030059814453,23.30030059814453,23.30030059814453,0
457,2024-10-11 15:30:00+00:00,23.219999313354492,23.298500061035156,23.219999313354492,23.298500061035156,448
458,2024-10-14 17:30:00+00:00,23.13010025024414,23.23189926147461,23.13010025024414,23.23189926147461,0
459,2024-10-15 15:30:00+00:00,22.770000457763672,22.770000457763672,22.690000534057617,22.770000457763672,700
460,2024-10-15 16:30:00+00:00,22.809999465942383,22.809999465942383,22.726999282836914,22.726999282836914,963
461,2024-10-16 13:30:00+00:00,22.68000030517578,22.825000762939453,22.68000030517578,22.825000762939453,0
462,2024-10-17 13:30:00+00:00,22.799999237060547,22.87969970703125,22.799999237060547,22.846599578857422,6
463,2024-10-22 17:30:00+00:00,22.820899963378906,22.822999954223633,22.65250015258789,22.65250015258789,185
464,2024-10-25 13:30:00+00:00,22.84000015258789,22.84000015258789,22.639999389648438,22.746999740600586,574
465,2024-10-31 14:30:00+00:00,22.5132999420166,22.5132999420166,22.5132999420166,22.5132999420166,549
466,2024-11-01 17:30:00+00:00,22.485000610351562,22.485000610351562,22.4768009185791,22.4768009185791,651
467,2024-11-06 14:30:00+00:00,22.399999618530273,22.399999618530273,22.399999618530273,22.399999618530273,252
468,2024-11-06 20:30:00+00:00,22.200000762939453,22.27400016784668,22.200000762939453,22.27400016784668,0
469,2024-11-07 14:30:00+00:00,22.559999465942383,22.732999801635742,22.559999465942383,22.732999801635742,29
470,2024-11-08 16:30:00+00:00,22.19499969482422,22.260000228881836,22.19499969482422,22.260000228881836,5446
471,2024-11-08 17:30:00+00:00,22.2450008392334,22.299999237060547,22.2450008392334,22.299999237060547,3128
472,2024-11-08 19:30:00+00:00,22.349899291992188,22.350000381469727,22.28179931640625,22.28179931640625,5723
473,2024-11-11 14:30:00+00:00,22.3700008392334,22.3700008392334,22.3700008392334,22.3700008392334,1685
474,2024-11-11 16:30:00+00:00,22.274999618530273,22.274999618530273,22.274999618530273,22.274999618530273,200
475,2024-11-11 17:30:00+00:00,22.280000686645508,22.290000915527344,22.215700149536133,22.215700149536133,0
476,2024-11-12 14:30:00+00:00,22.0,22.020000457763672,21.807899475097656,21.807899475097656,13
477,2024-11-13 16:30:00+00:00,21.82659912109375,21.82659912109375,21.82659912109375,21.82659912109375,172
478,2024-11-13 17:30:00+00:00,21.846599578857422,21.846599578857422,21.846599578857422,21.846599578857422,597
479,2024-11-13 18:30:00+00:00,21.799999237060547,21.806400299072266,21.799999237060547,21.806400299072266,0
480,2024-11-14 14:30:00+00:00,22.015300750732422,22.015300750732422,22.015300750732422,22.015300750732422,172
481,2024-11-14 19:30:00+00:00,21.93000030517578,21.93000030517578,21.891199111938477,21.891199111938477,0
482,2024-11-15 14:30:00+00:00,21.850000381469727,21.8799991607666,21.700000762939453,21.8799991607666,17985
483,2024-11-15 19:30:00+00:00,21.77989959716797,21.77989959716797,21.77989959716797,21.77989959716797,470
484,2024-11-15 20:30:00+00:00,21.68000030517578,21.700000762939453,21.68000030517578,21.690000534057617,5733
485,2024-11-18 17:30:00+00:00,21.8700008392334,21.8700008392334,21.8700008392334,21.8700008392334,253
486,2024-11-18 20:30:00+00:00,21.790000915527344,21.793399810791016,21.790000915527344,21.793399810791016,0
487,2024-11-19 18:30:00+00:00,21.719999313354492,21.719999313354492,21.290000915527344,21.700000762939453,73353
488,2024-11-19 19:30:00+00:00,21.770000457763672,21.81999969482422,21.3700008392334,21.749300003051758,40614
489,2024-11-20 14:30:00+00:00,21.75,21.75,21.75,21.75,0
490,2024-11-21 14:30:00+00:00,21.709999084472656,21.709999084472656,21.59000015258789,21.600000381469727,1541
491,2024-11-21 15:30:00+00:00,21.725000381469727,21.725000381469727,21.725000381469727,21.725000381469727,256
492,2024-11-21 17:30:00+00:00,21.739999771118164,21.798200607299805,21.739999771118164,21.798200607299805,1001
493,2024-11-22 14:30:00+00:00,21.670000076293945,21.858600616455078,21.670000076293945,21.858600616455078,0
494,2024-11-25 17:30:00+00:00,22.174999237060547,22.174999237060547,22.174999237060547,22.174999237060547,465
495,2024-11-25 19:30:00+00:00,22.170000076293945,22.579999923706055,22.170000076293945,22.170299530029297,0
496,2024-11-27 14:30:00+00:00,22.329999923706055,22.329999923706055,22.21500015258789,22.21500015258789,18
497,2024-11-29 14:30:00+00:00,22.18000030517578,22.362699508666992,22.18000030517578,22.362699508666992,585
498,2024-12-02 15:30:00+00:00,22.489999771118164,22.489999771118164,22.459999084472656,22.459999084472656,262
499,2024-12-02 16:30:00+00:00,22.53499984741211,22.670000076293945,22.53499984741211,22.54330062866211,0
500,2024-12-03 16:30:00+00:00,22.565000534057617,22.565000534057617,22.565000534057617,22.565000534057617,160
501,2024-12-03 17:30:00+00:00,22.65999984741211,22.670000076293945,22.612600326538086,22.612600326538086,0
502,2024-12-04 19:30:00+00:00,22.655799865722656,22.696300506591797,22.655799865722656,22.696300506591797,2089
503,2024-12-05 20:30:00+00:00,22.81999969482422,23.19499969482422,22.81999969482422,23.19499969482422,62
504,2024-12-09 14:30:00+00:00,23.31999969482422,23.5,23.31999969482422,23.5,593
505,2024-12-09 17:30:00+00:00,23.3700008392334,23.3700008392334,23.315000534057617,23.315000534057617,0
506,2024-12-10 17:30:00+00:00,23.152999877929688,23.15880012512207,23.152999877929688,23.15880012512207,1
507,2024-12-11 14:30:00+00:00,22.66029930114746,22.66029930114746,22.66029930114746,22.66029930114746,560
508,2024-12-11 18:30:00+00:00,22.649999618530273,22.698200225830078,22.649999618530273,22.698200225830078,0
509,2024-12-13 14:30:00+00:00,22.899999618530273,22.899999618530273,22.849899291992188,22.849899291992188,334
510,2024-12-13 16:30:00+00:00,22.709999084472656,22.709999084472656,22.680099487304688,22.680099487304688,2000
511,2024-12-13 17:30:00+00:00,22.68000030517578,22.709999084472656,22.68000030517578,22.709999084472656,257
512,2024-12-16 14:30:00+00:00,22.44849967956543,22.44849967956543,22.44849967956543,22.44849967956543,0
513,2024-12-16 15:30:00+00:00,22.489999771118164,22.540000915527344,22.489999771118164,22.539899826049805,956
514,2024-12-16 17:30:00+00:00,22.540000915527344,22.56999969482422,22.453100204467773,22.453100204467773,432
515,2024-12-17 14:30:00+00:00,22.600000381469727,22.600000381469727,22.459299087524414,22.459299087524414,0
516,2024-12-18 14:30:00+00:00,22.489999771118164,22.489999771118164,22.489999771118164,22.489999771118164,159
517,2024-12-18 19:30:00+00:00,22.170000076293945,22.17009925842285,21.80229949951172,21.80229949951172,0
518,2024-12-19 16:30:00+00:00,21.93000030517578,21.93000030517578,21.91309928894043,21.91309928894043,69
519,2024-12-23 14:30:00+00:00,22.059999465942383,22.059999465942383,22.059999465942383,22.059999465942383,163
520,2024-12-23 16:30:00+00:00,22.030000686645508,22.268999099731445,22.030000686645508,22.268999099731445,0
521,2024-12-27 15:30:00+00:00,22.190000534057617,22.231000900268555,22.190000534057617,22.219999313354492,625
522,2024-12-27 17:30:00+00:00,22.08970069885254,22.08970069885254,22.08970069885254,22.08970069885254,361
523,2024-12-27 19:30:00+00:00,22.170000076293945,22.170000076293945,22.170000076293945,22.170000076293945,100
524,2024-12-31 14:30:00+00:00,22.079999923706055,22.079999923706055,22.079999923706055,22.079999923706055,0
525,2024-12-31 16:30:00+00:00,22.06999969482422,22.06999969482422,22.06999969482422,22.06999969482422,200
526,2025-01-03 14:30:00+00:00,21.479999542236328,21.55900001525879,21.479999542236328,21.55900001525879,383
527,2025-01-06 14:30:00+00:00,21.889999389648438,21.96190071105957,21.889999389648438,21.95400047302246,96
528,2025-01-08 17:30:00+00:00,21.8700008392334,21.8700008392334,21.8700008392334,21.8700008392334,48
529,2025-01-10 17:30:00+00:00,21.799999237060547,21.799999237060547,21.78849983215332,21.78849983215332,42
530,2025-01-14 17:30:00+00:00,21.83919906616211,21.83930015563965,21.83919906616211,21.83930015563965,7
531,2025-01-15 15:30:00+00:00,21.96540069580078,21.96540069580078,21.96540069580078,21.96540069580078,557
532,2025-01-15 17:30:00+00:00,21.91790008544922,21.91790008544922,21.882699966430664,21.882699966430664,0
533,2025-01-16 15:30:00+00:00,22.5,22.5,22.5,22.5,124
534,2025-01-16 17:30:00+00:00,22.549999237060547,22.549999237060547,22.549999237060547,22.549999237060547,119
535,2025-01-16 19:30:00+00:00,22.590700149536133,22.77429962158203,22.57740020751953,22.77429962158203,0
536,2025-01-21 15:30:00+00:00,23.18899917602539,23.19930076599121,23.18429946899414,23.19930076599121,30
537,2025-01-23 15:30:00+00:00,23.204999923706055,23.204999923706055,23.204999923706055,23.204999923706055,289
538,2025-01-23 16:30:00+00:00,23.260000228881836,23.392499923706055,23.260000228881836,23.392499923706055,106
539,2025-01-24 14:30:00+00:00,23.549999237060547,23.598499298095703,23.549999237060547,23.549999237060547,431
540,2025-01-24 15:30:00+00:00,23.590299606323242,23.600000381469727,23.555599212646484,23.555599212646484,1133
541,2025-01-27 18:30:00+00:00,23.760000228881836,23.770000457763672,23.719999313354492,23.729999542236328,1735
542,2025-01-27 19:30:00+00:00,23.730899810791016,23.730899810791016,23.730899810791016,23.730899810791016,220
543,2025-01-27 20:30:00+00:00,23.799999237060547,23.809999465942383,23.799999237060547,23.809999465942383,0
544,2025-01-28 14:30:00+00:00,23.719999313354492,23.729999542236328,23.700000762939453,23.700000762939453,371
545,2025-01-28 16:30:00+00:00,23.774999618530273,23.774999618530273,23.774999618530273,23.774999618530273,201
546,2025-01-28 17:30:00+00:00,23.559999465942383,23.729999542236328,23.559999465942383,23.729999542236328,219
547,2025-01-29 14:30:00+00:00,23.719999313354492,23.719999313354492,23.719999313354492,23.719999313354492,0
548,2025-01-29 15:30:00+00:00,23.655000686645508,23.739999771118164,23.655000686645508,23.6560001373291,0
549,2025-01-30 16:30:00+00:00,23.950000762939453,23.950000762939453,23.950000762939453,23.950000762939453,189
550,2025-01-30 19:30:00+00:00,24.040000915527344,24.114999771118164,24.040000915527344,24.114999771118164,202
551,2025-01-30 20:30:00+00:00,23.979999542236328,24.022600173950195,23.979999542236328,24.022600173950195,0
552,2025-01-31 14:30:00+00:00,24.010000228881836,24.010000228881836,23.979999542236328,23.979999542236328,2254
553,2025-01-31 15:30:00+00:00,23.959999084472656,23.959999084472656,23.959999084472656,23.959999084472656,555
554,2025-01-31 18:30:00+00:00,23.809999465942383,23.90999984741211,23.691299438476562,23.691299438476562,630
555,2025-02-03 14:30:00+00:00,23.1299991607666,23.1299991607666,23.020000457763672,23.020000457763672,2759
556,2025-02-03 17:30:00+00:00,23.139999389648438,23.139999389648438,23.139999389648438,23.139999389648438,143
557,2025-02-03 18:30:00+00:00,23.280000686645508,23.290000915527344,23.280000686645508,23.290000915527344,1800
558,2025-02-03 19:30:00+00:00,23.31999969482422,23.398700714111328,23.31999969482422,23.31999969482422,581
559,2025-02-04 14:30:00+00:00,23.5,23.59910011291504,23.5,23.59910011291504,0
560,2025-02-05 14:30:00+00:00,23.709999084472656,23.709999084472656,23.709999084472656,23.709999084472656,189
561,2025-02-05 16:30:00+00:00,23.59000015258789,23.673599243164062,23.59000015258789,23.673599243164062,0
562,2025-02-06 14:30:00+00:00,23.81599998474121,23.81599998474121,23.81599998474121,23.81599998474121,339
563,2025-02-06 17:30:00+00:00,23.914499282836914,23.914499282836914,23.829500198364258,23.829500198364258,0
564,2025-02-07 14:30:00+00:00,23.769899368286133,23.770000457763672,23.649999618530273,23.649999618530273,771
565,2025-02-07 15:30:00+00:00,23.656400680541992,23.656400680541992,23.649999618530273,23.649999618530273,768
566,2025-02-10 17:30:00+00:00,23.56999969482422,23.56999969482422,23.56999969482422,23.56999969482422,4311
567,2025-02-10 19:30:00+00:00,23.45009994506836,23.48940086364746,23.45009994506836,23.48940086364746,0
568,2025-02-11 16:30:00+00:00,23.459999084472656,23.579999923706055,23.459999084472656,23.579999923706055,17
569,2025-02-12 15:30:00+00:00,23.6200008392334,23.6200008392334,23.6200008392334,23.6200008392334,770
570,2025-02-12 17:30:00+00:00,23.920000076293945,23.93000030517578,23.859800338745117,23.859800338745117,4772
571,2025-02-13 14:30:00+00:00,24.1200008392334,24.1200008392334,24.084999084472656,24.084999084472656,0
572,2025-02-13 15:30:00+00:00,24.22450065612793,24.22450065612793,24.22450065612793,24.22450065612793,295
573,2025-02-13 16:30:00+00:00,24.25,24.25,24.218700408935547,24.218700408935547,422
574,2025-02-14 14:30:00+00:00,24.5,24.5,24.5,24.5,388
575,2025-02-14 15:30:00+00:00,24.549999237060547,24.549999237060547,24.549999237060547,24.549999237060547,333
576,2025-02-14 19:30:00+00:00,24.559999465942383,24.559999465942383,24.459999084472656,24.459999084472656,200
577,2025-02-19 17:30:00+00:00,24.06999969482422,24.06999969482422,23.989999771118164,24.06999969482422,408
578,2025-02-19 19:30:00+00:00,24.0935001373291,24.0935001373291,24.016399383544922,24.079999923706055,0
579,2025-02-21 14:30:00+00:00,24.200000762939453,24.200000762939453,24.200000762939453,24.200000762939453,394
580,2025-02-21 15:30:00+00:00,24.1299991607666,24.149999618530273,24.1200008392334,24.149999618530273,1093
581,2025-02-24 14:30:00+00:00,23.815000534057617,23.815000534057617,23.815000534057617,23.815000534057617,0
582,2025-02-24 16:30:00+00:00,23.84000015258789,23.84000015258789,23.84000015258789,23.84000015258789,100
583,2025-02-24 17:30:00+00:00,23.969999313354492,23.969999313354492,23.814599990844727,23.814599990844727,0
584,2025-02-25 18:30:00+00:00,23.959999084472656,23.969999313354492,23.959999084472656,23.969999313354492,202
585,2025-02-25 20:30:00+00:00,24.020000457763672,24.020000457763672,23.979999542236328,23.992000579833984,0
586,2025-02-26 14:30:00+00:00,24.177900314331055,24.280000686645508,24.177900314331055,24.177900314331055,1836
587,2025-02-26 18:30:00+00:00,23.920000076293945,23.985000610351562,23.920000076293945,23.985000610351562,0
588,2025-02-27 14:30:00+00:00,23.75,23.75,23.549999237060547,23.549999237060547,676
589,2025-02-27 20:30:00+00:00,23.600000381469727,23.600000381469727,23.588199615478516,23.588199615478516,0
590,2025-02-28 14:30:00+00:00,23.774700164794922,23.799999237060547,23.774700164794922,23.799999237060547,315
591,2025-02-28 19:30:00+00:00,23.625,23.625,23.612199783325195,23.612199783325195,4200
592,2025-03-03 17:30:00+00:00,23.93000030517578,23.93000030517578,23.93000030517578,23.93000030517578,0
593,2025-03-03 19:30:00+00:00,23.799999237060547,23.799999237060547,23.72640037536621,23.72640037536621,0
594,2025-03-04 14:30:00+00:00,23.33650016784668,23.33650016784668,23.33650016784668,23.33650016784668,739
595,2025-03-04 15:30:00+00:00,23.2810001373291,23.2810001373291,23.26099967956543,23.26099967956543,4053
596,2025-03-04 19:30:00+00:00,23.709999084472656,23.8700008392334,23.661100387573242,23.661100387573242,0
597,2025-03-05 19:30:00+00:00,23.889999389648438,23.889999389648438,23.205299377441406,23.205299377441406,186
598,2025-03-07 19:30:00+00:00,23.149999618530273,23.149999618530273,23.124000549316406,23.124000549316406,1132
599,2025-03-10 14:30:00+00:00,22.600000381469727,22.600000381469727,22.5851993560791,22.5851993560791,67
600,2025-03-11 13:30:00+00:00,22.469999313354492,22.469999313354492,22.469999313354492,22.469999313354492,3492
601,2025-03-11 17:30:00+00:00,22.489999771118164,22.579999923706055,22.489999771118164,22.579999923706055,0
602,2025-03-12 13:30:00+00:00,22.33009910583496,22.33009910583496,22.33009910583496,22.33009910583496,267
603,2025-03-12 16:30:00+00:00,22.34000015258789,22.40049934387207,22.34000015258789,22.40049934387207,934
604,2025-03-13 13:30:00+00:00,22.200000762939453,22.200000762939453,22.170000076293945,22.170000076293945,0
605,2025-03-13 18:30:00+00:00,22.040000915527344,22.049999237060547,22.040000915527344,22.049999237060547,0
606,2025-03-14 15:30:00+00:00,22.1914005279541,22.34269905090332,22.1914005279541,22.34269905090332,314
607,2025-03-17 15:30:00+00:00,22.30500030517578,22.30500030517578,22.30500030517578,22.30500030517578,13
608,2025-03-17 16:30:00+00:00,22.309999465942383,22.309999465942383,22.309999465942383,22.309999465942383,204
609,2025-03-17 17:30:00+00:00,22.309999465942383,22.375200271606445,22.139999389648438,22.139999389648438,0
610,2025-03-21 13:30:00+00:00,21.700000762939453,21.700000762939453,21.700000762939453,21.700000762939453,451
611,2025-03-21 17:30:00+00:00,21.81800079345703,21.81800079345703,21.735300064086914,21.735300064086914,369
612,2025-03-24 13:30:00+00:00,21.700000762939453,21.78529930114746,21.700000762939453,21.78529930114746,0
613,2025-03-25 18:30:00+00:00,21.81399917602539,21.889999389648438,21.774999618530273,21.790599822998047,3756
614,2025-03-26 13:30:00+00:00,21.65999984741211,21.65999984741211,21.65999984741211,21.65999984741211,0
615,2025-03-26 18:30:00+00:00,21.5,21.5,21.48780059814453,21.48780059814453,0
616,2025-03-31 13:30:00+00:00,21.010000228881836,21.045299530029297,21.010000228881836,21.045299530029297,12
617,2025-04-01 14:30:00+00:00,21.106000900268555,21.1299991607666,21.079999923706055,21.079999923706055,3752
618,2025-04-01 15:30:00+00:00,21.104999542236328,21.104999542236328,21.049999237060547,21.104999542236328,625
619,2025-04-01 16:30:00+00:00,21.079999923706055,21.086999893188477,21.06999969482422,21.086999893188477,201
620,2025-04-02 13:30:00+00:00,21.079999923706055,21.079999923706055,21.020000457763672,21.020099639892578,0
621,2025-04-02 16:30:00+00:00,21.17099952697754,21.28619956970215,21.17099952697754,21.28619956970215,0
622,2025-04-03 15:30:00+00:00,20.65999984741211,20.65999984741211,20.65999984741211,20.65999984741211,1170
623,2025-04-03 16:30:00+00:00,19.290000915527344,20.290000915527344,19.280000686645508,20.290000915527344,1162
624,2025-04-03 18:30:00+00:00,20.320999145507812,20.450000762939453,20.250099182128906,20.320600509643555,14371
625,2025-04-03 19:30:00+00:00,20.239999771118164,20.27669906616211,20.239999771118164,20.27669906616211,0
626,2025-04-04 13:30:00+00:00,19.729999542236328,19.729999542236328,19.729999542236328,19.729999542236328,246
627,2025-04-04 14:30:00+00:00,19.450000762939453,19.450000762939453,19.450000762939453,19.450000762939453,252
628,2025-04-04 15:30:00+00:00,19.709999084472656,19.709999084472656,19.709999084472656,19.709999084472656,267
629,2025-04-04 19:30:00+00:00,19.520000457763672,19.520099639892578,19.520000457763672,19.520099639892578,401
630,2025-04-07 13:30:00+00:00,19.0,19.0,19.0,19.0,420
631,2025-04-07 14:30:00+00:00,19.0,19.0,19.0,19.0,744
632,2025-04-07 16:30:00+00:00,18.639999389648438,18.709999084472656,18.639999389648438,18.709999084472656,306
633,2025-04-07 17:30:00+00:00,18.829999923706055,18.99720001220703,18.829999923706055,18.99720001220703,0
634,2025-04-08 13:30:00+00:00,19.59000015258789,19.59000015258789,19.59000015258789,19.59000015258789,104
635,2025-04-08 15:30:00+00:00,19.309999465942383,19.354000091552734,19.309999465942383,19.354000091552734,454
636,2025-04-08 16:30:00+00:00,19.12820053100586,19.12820053100586,19.12820053100586,19.12820053100586,1089
637,2025-04-08 18:30:00+00:00,18.899999618530273,18.899999618530273,18.899999618530273,18.899999618530273,800
638,2025-04-08 19:30:00+00:00,18.541000366210938,18.74020004272461,18.541000366210938,18.74020004272461,0
639,2025-04-09 17:30:00+00:00,20.43000030517578,20.43000030517578,20.43000030517578,20.43000030517578,100
640,2025-04-09 18:30:00+00:00,22.469900131225586,22.469900131225586,20.219999313354492,20.219999313354492,944
641,2025-04-09 19:30:00+00:00,20.229999542236328,20.414600372314453,20.229999542236328,20.414600372314453,0
642,2025-04-10 15:30:00+00:00,19.600000381469727,20.451799392700195,19.600000381469727,20.451799392700195,0
643,2025-04-14 13:30:00+00:00,21.350000381469727,21.350000381469727,20.255599975585938,21.350000381469727,719
644,2025-04-15 13:30:00+00:00,20.209999084472656,20.209999084472656,19.980600357055664,19.980600357055664,0
645,2025-04-17 15:30:00+00:00,20.280000686645508,20.299999237060547,20.170700073242188,20.170700073242188,4115
646,2025-04-21 15:30:00+00:00,19.868600845336914,19.914499282836914,19.868600845336914,19.914499282836914,0
647,2025-04-22 17:30:00+00:00,20.5231990814209,20.542400360107422,20.5231990814209,20.542400360107422,0
648,2025-04-23 18:30:00+00:00,20.770099639892578,20.770099639892578,20.770000457763672,20.770000457763672,0
649,2025-04-23 19:30:00+00:00,20.770000457763672,20.770000457763672,20.73200035095215,20.73200035095215,4596
